{
  "_format": "hh-sol-cache-2",
  "files": {
    "C:\\Users\\mihou\\Desktop\\Hackathon\\References\\projet2\\web3\\contracts\\CrowdFunding.sol": {
      "lastModificationDate": 1679159100729,
      "contentHash": "3c70186271a6e1ef00373ec19e0513c5",
      "sourceName": "contracts/CrowdFunding.sol",
      "solcConfig": {
        "version": "0.8.9",
        "settings": {
          "optimizer": {
            "enabled": true,
            "runs": 200
          },
          "outputSelection": {
            "*": {
              "*": [
                "abi",
                "evm.bytecode",
                "evm.deployedBytecode",
                "evm.methodIdentifiers",
                "metadata"
              ],
              "": [
                "ast"
              ]
            }
          }
        }
      },
      "imports": [],
      "versionPragmas": [
        "^0.8.9"
      ],
      "artifacts": [
        "CrowdFunding"
      ]
    }
  }
}
